fid,session_id,date,time,groupe,mesure,leaf,x,y,fid_2,Name,description
"1",DX20250718,2025/07/18,15:16:00,"1","406",leaf2,-76.4304520616667,42.63560632,"1",Thane_Kolb2,treatment
"2",DX20250718,2025/07/18,15:16:00,"1","405",leaf1,-76.4304520616667,42.63560632,"1",Thane_Kolb2,treatment
"3",DX20250718,2025/07/18,15:17:00,"1","408",leaf2,-76.4305506916667,42.6356110733333,"1",Thane_Kolb2,treatment
"4",DX20250718,2025/07/18,15:17:00,"1","407",leaf1,-76.4305506916667,42.6356110733333,"1",Thane_Kolb2,treatment
"5",DX20250718,2025/07/18,15:16:00,"1","404",leaf2,-76.4304040466667,42.635668655,"1",Thane_Kolb2,treatment
"6",DX20250718,2025/07/18,15:16:00,"1","403",leaf1,-76.4304040466667,42.635668655,"1",Thane_Kolb2,treatment
"7",DX20250718,2025/07/18,15:17:00,"1","410",leaf2,-76.4305746316667,42.6356908233333,"1",Thane_Kolb2,treatment
"8",DX20250718,2025/07/18,15:17:00,"1","409",leaf1,-76.4305746316667,42.6356908233333,"1",Thane_Kolb2,treatment
"9",DX20250718,2025/07/18,15:15:00,"1","402",leaf2,-76.4303501366666,42.6357509233333,"1",Thane_Kolb2,treatment
"10",DX20250718,2025/07/18,15:15:00,"1","401",leaf1,-76.4303501366666,42.6357509233333,"1",Thane_Kolb2,treatment
"11",DX20250718,2025/07/18,15:17:00,"1","412",leaf2,-76.4305997866667,42.6357624433333,"1",Thane_Kolb2,treatment
"12",DX20250718,2025/07/18,15:17:00,"1","411",leaf1,-76.4305997866667,42.6357624433333,"1",Thane_Kolb2,treatment
"13",DX20250718,2025/07/18,15:21:00,"1","428",leaf2,-76.4306192316667,42.635783765,"1",Thane_Kolb2,treatment
"14",DX20250718,2025/07/18,15:21:00,"1","427",leaf1,-76.4306192316667,42.635783765,"1",Thane_Kolb2,treatment
"15",DX20250718,2025/07/18,15:20:00,"1","426",leaf2,-76.4305822783333,42.635789785,"1",Thane_Kolb2,treatment
"16",DX20250718,2025/07/18,15:20:00,"1","425",leaf1,-76.4305822783333,42.635789785,"1",Thane_Kolb2,treatment
"17",DX20250718,2025/07/18,15:21:00,"1","430",leaf2,-76.4306377983333,42.6357900466667,"1",Thane_Kolb2,treatment
"18",DX20250718,2025/07/18,15:21:00,"1","429",leaf1,-76.4306377983333,42.6357900466667,"1",Thane_Kolb2,treatment
"19",DX20250718,2025/07/18,15:15:00,"1","400",leaf2,-76.43032853,42.6358050333333,"1",Thane_Kolb2,treatment
"20",DX20250718,2025/07/18,15:15:00,"1","399",leaf1,-76.43032853,42.6358050333333,"1",Thane_Kolb2,treatment
"21",DX20250718,2025/07/18,15:20:00,"1","422",leaf2,-76.4306179083333,42.6358054416667,"1",Thane_Kolb2,treatment
"22",DX20250718,2025/07/18,15:20:00,"1","421",leaf1,-76.4306179083333,42.6358054416667,"1",Thane_Kolb2,treatment
"23",DX20250718,2025/07/18,15:20:00,"1","424",leaf2,-76.4305939333333,42.63580401,"1",Thane_Kolb2,treatment
"24",DX20250718,2025/07/18,15:20:00,"1","423",leaf1,-76.4305939333333,42.63580401,"1",Thane_Kolb2,treatment
"25",DX20250718,2025/07/18,15:18:00,"1","414",leaf2,-76.4306600566667,42.6358281466667,"1",Thane_Kolb2,treatment
"26",DX20250718,2025/07/18,15:18:00,"1","413",leaf1,-76.4306600566667,42.6358281466667,"1",Thane_Kolb2,treatment
"27",DX20250718,2025/07/18,15:24:00,"1","432",leaf2,-76.43058531,42.6358467983333,"1",Thane_Kolb2,treatment
"28",DX20250718,2025/07/18,15:24:00,"1","431",leaf1,-76.43058531,42.6358467983333,"1",Thane_Kolb2,treatment
"29",DX20250718,2025/07/18,15:15:00,"1","398",leaf2,-76.4303238783333,42.6358556583333,"1",Thane_Kolb2,treatment
"30",DX20250718,2025/07/18,15:15:00,"1","397",leaf1,-76.4303238783333,42.6358556583333,"1",Thane_Kolb2,treatment
"31",DX20250718,2025/07/18,15:04:00,"1","345",leaf1,-76.4294633333333,42.6358273616667,"1",Thane_Kolb2,treatment
"32",DX20250718,2025/07/18,15:04:00,"1","346",leaf2,-76.4294633333333,42.6358273616667,"1",Thane_Kolb2,treatment
"33",DX20250718,2025/07/18,15:04:00,"1","343",leaf1,-76.42939985,42.6357603733333,"1",Thane_Kolb2,treatment
"34",DX20250718,2025/07/18,15:04:00,"1","344",leaf2,-76.42939985,42.6357603733333,"1",Thane_Kolb2,treatment
"35",DX20250718,2025/07/18,15:03:00,"1","341",leaf1,-76.4293411283333,42.6357080533333,"1",Thane_Kolb2,treatment
"36",DX20250718,2025/07/18,15:03:00,"1","342",leaf2,-76.4293411283333,42.6357080533333,"1",Thane_Kolb2,treatment
"37",DX20250718,2025/07/18,15:03:00,"1","340",leaf2,-76.4292930066667,42.6356735133333,"1",Thane_Kolb2,treatment
"38",DX20250718,2025/07/18,15:03:00,"1","339",leaf1,-76.4292930066667,42.6356735133333,"1",Thane_Kolb2,treatment
"39",DX20250718,2025/07/18,15:03:00,"1","338",leaf2,-76.4292082916667,42.6356971316667,"1",Thane_Kolb2,treatment
"40",DX20250718,2025/07/18,15:03:00,"1","337",leaf1,-76.4292082916667,42.6356971316667,"1",Thane_Kolb2,treatment
"41",DX20250718,2025/07/18,15:03:00,"1","335",leaf1,-76.4291833766667,42.635773565,"1",Thane_Kolb2,treatment
"42",DX20250718,2025/07/18,15:03:00,"1","336",leaf2,-76.4291833766667,42.635773565,"1",Thane_Kolb2,treatment
"43",DX20250718,2025/07/18,15:00:00,"1","331",leaf1,-76.4290959016667,42.6357887266667,"1",Thane_Kolb2,treatment
"44",DX20250718,2025/07/18,15:00:00,"1","332",leaf2,-76.4290959016667,42.6357887266667,"1",Thane_Kolb2,treatment
"45",DX20250718,2025/07/18,14:54:00,"1","303",leaf1,-76.428776885,42.6358054533333,"1",Thane_Kolb2,treatment
"46",DX20250718,2025/07/18,14:54:00,"1","304",leaf2,-76.428776885,42.6358054533333,"1",Thane_Kolb2,treatment
"47",DX20250718,2025/07/18,14:54:00,"1","302",leaf2,-76.4287208733333,42.6357468583333,"1",Thane_Kolb2,treatment
"48",DX20250718,2025/07/18,14:54:00,"1","301",leaf1,-76.4287208733333,42.6357468583333,"1",Thane_Kolb2,treatment
"49",DX20250718,2025/07/18,14:53:00,"1","300",leaf2,-76.42863749,42.6356871683333,"1",Thane_Kolb2,treatment
"50",DX20250718,2025/07/18,14:53:00,"1","299",leaf1,-76.42863749,42.6356871683333,"1",Thane_Kolb2,treatment
"51",DX20250718,2025/07/18,15:05:00,"1","347",leaf1,-76.4295065033333,42.6358759766667,"1",Thane_Kolb2,treatment
"52",DX20250718,2025/07/18,15:05:00,"1","348",leaf2,-76.4295065033333,42.6358759766667,"1",Thane_Kolb2,treatment
"53",DX20250718,2025/07/18,15:00:00,"1","327",leaf1,-76.4291069333333,42.635920375,"1",Thane_Kolb2,treatment
"54",DX20250718,2025/07/18,15:00:00,"1","328",leaf2,-76.4291069333333,42.635920375,"1",Thane_Kolb2,treatment
"55",DX20250718,2025/07/18,15:00:00,"1","329",leaf1,-76.4290886616667,42.63585769,"1",Thane_Kolb2,treatment
"56",DX20250718,2025/07/18,15:00:00,"1","330",leaf2,-76.4290886616667,42.63585769,"1",Thane_Kolb2,treatment
"57",DX20250718,2025/07/18,15:02:00,"1","333",leaf1,-76.42907358,42.6358570666667,"1",Thane_Kolb2,treatment
"58",DX20250718,2025/07/18,15:02:00,"1","334",leaf2,-76.42907358,42.6358570666667,"1",Thane_Kolb2,treatment
"59",DX20250718,2025/07/18,14:57:00,"1","315",leaf1,-76.4289703966667,42.6359376633333,"1",Thane_Kolb2,treatment
"60",DX20250718,2025/07/18,14:57:00,"1","316",leaf2,-76.4289703966667,42.6359376633333,"1",Thane_Kolb2,treatment
"61",DX20250718,2025/07/18,14:55:00,"1","309",leaf1,-76.42891497,42.6359430666667,"1",Thane_Kolb2,treatment
"62",DX20250718,2025/07/18,14:55:00,"1","310",leaf2,-76.42891497,42.6359430666667,"1",Thane_Kolb2,treatment
"63",DX20250718,2025/07/18,14:55:00,"1","307",leaf1,-76.4288774883333,42.6359150466667,"1",Thane_Kolb2,treatment
"64",DX20250718,2025/07/18,14:55:00,"1","308",leaf2,-76.4288774883333,42.6359150466667,"1",Thane_Kolb2,treatment
"65",DX20250718,2025/07/18,14:54:00,"1","305",leaf1,-76.4288383116667,42.6358668683333,"1",Thane_Kolb2,treatment
"66",DX20250718,2025/07/18,14:54:00,"1","306",leaf2,-76.4288383116667,42.6358668683333,"1",Thane_Kolb2,treatment
"67",DX20250718,2025/07/18,14:59:00,"1","325",leaf1,-76.429088375,42.635981055,"1",Thane_Kolb2,treatment
"68",DX20250718,2025/07/18,14:59:00,"1","326",leaf2,-76.429088375,42.635981055,"1",Thane_Kolb2,treatment
"69",DX20250718,2025/07/18,14:59:00,"1","323",leaf1,-76.4290379333333,42.636021035,"1",Thane_Kolb2,treatment
"70",DX20250718,2025/07/18,14:59:00,"1","324",leaf2,-76.4290379333333,42.636021035,"1",Thane_Kolb2,treatment
"71",DX20250718,2025/07/18,14:56:00,"1","313",leaf1,-76.4289979183333,42.6359421983333,"1",Thane_Kolb2,treatment
"72",DX20250718,2025/07/18,14:56:00,"1","314",leaf2,-76.4289979183333,42.6359421983333,"1",Thane_Kolb2,treatment
"73",DX20250718,2025/07/18,14:58:00,"1","321",leaf1,-76.4289945716667,42.6359868366667,"1",Thane_Kolb2,treatment
"74",DX20250718,2025/07/18,14:58:00,"1","322",leaf2,-76.4289945716667,42.6359868366667,"1",Thane_Kolb2,treatment
"75",DX20250718,2025/07/18,14:58:00,"1","319",leaf1,-76.4289873566667,42.635953075,"1",Thane_Kolb2,treatment
"76",DX20250718,2025/07/18,14:58:00,"1","320",leaf2,-76.4289873566667,42.635953075,"1",Thane_Kolb2,treatment
"77",DX20250718,2025/07/18,14:56:00,"1","311",leaf1,-76.4289789583333,42.6359533166667,"1",Thane_Kolb2,treatment
"78",DX20250718,2025/07/18,14:56:00,"1","312",leaf2,-76.4289789583333,42.6359533166667,"1",Thane_Kolb2,treatment
"79",DX20250718,2025/07/18,14:57:00,"1","317",leaf1,-76.4289716583333,42.6359500066667,"1",Thane_Kolb2,treatment
"80",DX20250718,2025/07/18,14:57:00,"1","318",leaf2,-76.4289716583333,42.6359500066667,"1",Thane_Kolb2,treatment
"81",DX20250718,2025/07/18,14:44:00,"1","252",leaf2,-76.42766931,42.6356098616667,"1",Thane_Kolb2,treatment
"82",DX20250718,2025/07/18,14:44:00,"1","251",leaf1,-76.42766931,42.6356098616667,"1",Thane_Kolb2,treatment
"83",DX20250718,2025/07/18,14:46:00,"1","264",leaf2,-76.4276677766667,42.63579757,"1",Thane_Kolb2,treatment
"84",DX20250718,2025/07/18,14:46:00,"1","263",leaf1,-76.4276677766667,42.63579757,"1",Thane_Kolb2,treatment
"85",DX20250718,2025/07/18,14:47:00,"1","266",leaf2,-76.4276656783334,42.6357824166667,"1",Thane_Kolb2,treatment
"86",DX20250718,2025/07/18,14:47:00,"1","265",leaf1,-76.4276656783334,42.6357824166667,"1",Thane_Kolb2,treatment
"87",DX20250718,2025/07/18,14:45:00,"1","258",leaf2,-76.4276612933333,42.6357842366667,"1",Thane_Kolb2,treatment
"88",DX20250718,2025/07/18,14:45:00,"1","257",leaf1,-76.4276612933333,42.6357842366667,"1",Thane_Kolb2,treatment
"89",DX20250718,2025/07/18,14:46:00,"1","260",leaf2,-76.42764562,42.6357759966667,"1",Thane_Kolb2,treatment
"90",DX20250718,2025/07/18,14:46:00,"1","259",leaf1,-76.42764562,42.6357759966667,"1",Thane_Kolb2,treatment
"91",DX20250718,2025/07/18,14:46:00,"1","262",leaf2,-76.427636265,42.6357899283333,"1",Thane_Kolb2,treatment
"92",DX20250718,2025/07/18,14:46:00,"1","261",leaf1,-76.427636265,42.6357899283333,"1",Thane_Kolb2,treatment
"93",DX20250718,2025/07/18,14:44:00,"1","250",leaf2,-76.4276274966667,42.6356622283333,"1",Thane_Kolb2,treatment
"94",DX20250718,2025/07/18,14:44:00,"1","249",leaf1,-76.4276274966667,42.6356622283333,"1",Thane_Kolb2,treatment
"95",DX20250718,2025/07/18,14:43:00,"1","248",leaf2,-76.4275884683333,42.6357243683333,"1",Thane_Kolb2,treatment
"96",DX20250718,2025/07/18,14:43:00,"1","247",leaf1,-76.4275884683333,42.6357243683333,"1",Thane_Kolb2,treatment
"97",DX20250718,2025/07/18,14:43:00,"1","246",leaf2,-76.4275535083333,42.6357790616667,"1",Thane_Kolb2,treatment
"98",DX20250718,2025/07/18,14:43:00,"1","245",leaf1,-76.4275535083333,42.6357790616667,"1",Thane_Kolb2,treatment
"99",DX20250718,2025/07/18,14:43:00,"1","244",leaf2,-76.4275085933333,42.6357541233333,"1",Thane_Kolb2,treatment
"100",DX20250718,2025/07/18,14:43:00,"1","243",leaf1,-76.4275085933333,42.6357541233333,"1",Thane_Kolb2,treatment
"101",DX20250718,2025/07/18,14:43:00,"1","242",leaf2,-76.4274614033333,42.6357271316667,"1",Thane_Kolb2,treatment
"102",DX20250718,2025/07/18,14:43:00,"1","241",leaf1,-76.4274614033333,42.6357271316667,"1",Thane_Kolb2,treatment
"103",DX20250718,2025/07/18,14:42:00,"1","240",leaf2,-76.4274392066667,42.6357005366667,"1",Thane_Kolb2,treatment
"104",DX20250718,2025/07/18,14:42:00,"1","239",leaf1,-76.4274392066667,42.6357005366667,"1",Thane_Kolb2,treatment
"105",DX20250718,2025/07/18,14:42:00,"1","238",leaf2,-76.4274176283333,42.6356473683333,"1",Thane_Kolb2,treatment
"106",DX20250718,2025/07/18,14:42:00,"1","237",leaf1,-76.4274176283333,42.6356473683333,"1",Thane_Kolb2,treatment
"107",DX20250718,2025/07/18,14:42:00,"1","236",leaf2,-76.4273554216667,42.6356092483333,"1",Thane_Kolb2,treatment
"108",DX20250718,2025/07/18,14:42:00,"1","235",leaf1,-76.4273554216667,42.6356092483333,"1",Thane_Kolb2,treatment
"109",DX20250718,2025/07/18,14:41:00,"1","234",leaf2,-76.4272970916667,42.6356380533333,"1",Thane_Kolb2,treatment
"110",DX20250718,2025/07/18,14:41:00,"1","233",leaf1,-76.4272970916667,42.6356380533333,"1",Thane_Kolb2,treatment
"111",DX20250718,2025/07/18,14:44:00,"1","254",leaf2,-76.4276896233333,42.6356922783333,"1",Thane_Kolb2,treatment
"112",DX20250718,2025/07/18,14:44:00,"1","253",leaf1,-76.4276896233333,42.6356922783333,"1",Thane_Kolb2,treatment
"113",DX20250718,2025/07/18,14:45:00,"1","256",leaf2,-76.4276891266667,42.6357471366667,"1",Thane_Kolb2,treatment
"114",DX20250718,2025/07/18,14:45:00,"1","255",leaf1,-76.4276891266667,42.6357471366667,"1",Thane_Kolb2,treatment
"115",DX20250718,2025/07/18,14:41:00,"1","232",leaf2,-76.4272351733333,42.6356613233333,"1",Thane_Kolb2,treatment
"116",DX20250718,2025/07/18,14:41:00,"1","231",leaf1,-76.4272351733333,42.6356613233333,"1",Thane_Kolb2,treatment
"117",DX20250718,2025/07/18,14:40:00,"1","230",leaf2,-76.4271633333333,42.6357046316667,"1",Thane_Kolb2,treatment
"118",DX20250718,2025/07/18,14:40:00,"1","229",leaf1,-76.4271633333333,42.6357046316667,"1",Thane_Kolb2,treatment
"119",DX20250718,2025/07/18,14:40:00,"1","228",leaf2,-76.4271012866667,42.6357392866667,"1",Thane_Kolb2,treatment
"120",DX20250718,2025/07/18,14:40:00,"1","227",leaf1,-76.4271012866667,42.6357392866667,"1",Thane_Kolb2,treatment
"121",DX20250718,2025/07/18,14:39:00,"1","226",leaf2,-76.4270510333333,42.6358030533333,"1",Thane_Kolb2,treatment
"122",DX20250718,2025/07/18,14:39:00,"1","225",leaf1,-76.4270510333333,42.6358030533333,"1",Thane_Kolb2,treatment
"123",DX20250718,2025/07/18,14:39:00,"1","223",leaf1,-76.4269968916667,42.6358487216667,"1",Thane_Kolb2,treatment
"124",DX20250718,2025/07/18,14:39:00,"1","224",leaf2,-76.4269968916667,42.6358487216667,"1",Thane_Kolb2,treatment
"125",DX20250718,2025/07/18,14:39:00,"1","221",leaf1,-76.4269241816667,42.6358255316667,"1",Thane_Kolb2,treatment
"126",DX20250718,2025/07/18,14:39:00,"1","222",leaf2,-76.4269241816667,42.6358255316667,"1",Thane_Kolb2,treatment
"127",DX20250718,2025/07/18,14:38:00,"1","220",leaf2,-76.426913345,42.6357860783333,"1",Thane_Kolb2,treatment
"128",DX20250718,2025/07/18,14:38:00,"1","219",leaf1,-76.426913345,42.6357860783333,"1",Thane_Kolb2,treatment
"129",DX20250718,2025/07/18,14:38:00,"1","218",leaf2,-76.42689921,42.6357468016667,"1",Thane_Kolb2,treatment
"130",DX20250718,2025/07/18,14:38:00,"1","217",leaf1,-76.42689921,42.6357468016667,"1",Thane_Kolb2,treatment
"131",DX20250718,2025/07/18,14:38:00,"1","216",leaf2,-76.4268793933333,42.6357072233333,"1",Thane_Kolb2,treatment
"132",DX20250718,2025/07/18,14:38:00,"1","215",leaf1,-76.4268793933333,42.6357072233333,"1",Thane_Kolb2,treatment
"133",DX20250718,2025/07/18,14:38:00,"1","214",leaf2,-76.42686962,42.6356744766667,"1",Thane_Kolb2,treatment
"134",DX20250718,2025/07/18,14:38:00,"1","213",leaf1,-76.42686962,42.6356744766667,"1",Thane_Kolb2,treatment
"135",DX20250718,2025/07/18,14:37:00,"1","212",leaf2,-76.426842885,42.6356196016667,"1",Thane_Kolb2,treatment
"136",DX20250718,2025/07/18,14:37:00,"1","211",leaf1,-76.426842885,42.6356196016667,"1",Thane_Kolb2,treatment
"137",DX20250718,2025/07/18,14:37:00,"1","210",leaf2,-76.426779515,42.63563002,"1",Thane_Kolb2,treatment
"138",DX20250718,2025/07/18,14:37:00,"1","209",leaf1,-76.426779515,42.63563002,"1",Thane_Kolb2,treatment
"139",DX20250718,2025/07/18,14:37:00,"1","208",leaf2,-76.4267455383333,42.6356582883333,"1",Thane_Kolb2,treatment
"140",DX20250718,2025/07/18,14:37:00,"1","207",leaf1,-76.4267455383333,42.6356582883333,"1",Thane_Kolb2,treatment
"141",DX20250718,2025/07/18,14:34:00,"1","198",leaf2,-76.4267192183333,42.6356874016667,"1",Thane_Kolb2,treatment
"142",DX20250718,2025/07/18,14:34:00,"1","197",leaf1,-76.4267192183333,42.6356874016667,"1",Thane_Kolb2,treatment
"143",DX20250718,2025/07/18,14:35:00,"1","200",leaf2,-76.4267163383333,42.6356818266667,"1",Thane_Kolb2,treatment
"144",DX20250718,2025/07/18,14:35:00,"1","199",leaf1,-76.4267163383333,42.6356818266667,"1",Thane_Kolb2,treatment
"145",DX20250718,2025/07/18,14:36:00,"1","206",leaf2,-76.426714385,42.6356933116667,"1",Thane_Kolb2,treatment
"146",DX20250718,2025/07/18,14:36:00,"1","205",leaf1,-76.426714385,42.6356933116667,"1",Thane_Kolb2,treatment
"147",DX20250718,2025/07/18,14:36:00,"1","204",leaf2,-76.4267072033333,42.6357001,"1",Thane_Kolb2,treatment
"148",DX20250718,2025/07/18,14:36:00,"1","203",leaf1,-76.4267072033333,42.6357001,"1",Thane_Kolb2,treatment
"149",DX20250718,2025/07/18,14:35:00,"1","202",leaf2,-76.4266934366667,42.6356890116667,"1",Thane_Kolb2,treatment
"150",DX20250718,2025/07/18,14:35:00,"1","201",leaf1,-76.4266934366667,42.6356890116667,"1",Thane_Kolb2,treatment
"151",DX20250718,2025/07/18,14:53:00,"1","298",leaf2,-76.4285481083333,42.6356335983333,"1",Thane_Kolb2,treatment
"152",DX20250718,2025/07/18,14:53:00,"1","297",leaf1,-76.4285481083333,42.6356335983333,"1",Thane_Kolb2,treatment
"153",DX20250718,2025/07/18,14:52:00,"1","296",leaf2,-76.4284984133333,42.6355937683333,"1",Thane_Kolb2,treatment
"154",DX20250718,2025/07/18,14:52:00,"1","295",leaf1,-76.4284984133333,42.6355937683333,"1",Thane_Kolb2,treatment
"155",DX20250718,2025/07/18,14:52:00,"1","294",leaf2,-76.4284299516667,42.6355444233333,"1",Thane_Kolb2,treatment
"156",DX20250718,2025/07/18,14:52:00,"1","293",leaf1,-76.4284299516667,42.6355444233333,"1",Thane_Kolb2,treatment
"157",DX20250718,2025/07/18,14:52:00,"1","292",leaf2,-76.4283258866667,42.6355793916667,"1",Thane_Kolb2,treatment
"158",DX20250718,2025/07/18,14:52:00,"1","291",leaf1,-76.4283258866667,42.6355793916667,"1",Thane_Kolb2,treatment
"159",DX20250718,2025/07/18,14:51:00,"1","290",leaf2,-76.4282407733333,42.6356152216667,"1",Thane_Kolb2,treatment
"160",DX20250718,2025/07/18,14:51:00,"1","289",leaf1,-76.4282407733333,42.6356152216667,"1",Thane_Kolb2,treatment
"161",DX20250718,2025/07/18,14:51:00,"1","287",leaf1,-76.4281533483333,42.6356542166667,"1",Thane_Kolb2,treatment
"162",DX20250718,2025/07/18,14:51:00,"1","288",leaf2,-76.4281533483333,42.6356542166667,"1",Thane_Kolb2,treatment
"163",DX20250718,2025/07/18,14:50:00,"1","285",leaf1,-76.4280754816667,42.6357181766667,"1",Thane_Kolb2,treatment
"164",DX20250718,2025/07/18,14:50:00,"1","286",leaf2,-76.4280754816667,42.6357181766667,"1",Thane_Kolb2,treatment
"165",DX20250718,2025/07/18,14:50:00,"1","283",leaf1,-76.428044495,42.6357745233333,"1",Thane_Kolb2,treatment
"166",DX20250718,2025/07/18,14:50:00,"1","284",leaf2,-76.428044495,42.6357745233333,"1",Thane_Kolb2,treatment
"167",DX20250718,2025/07/18,14:50:00,"1","281",leaf1,-76.4280001316667,42.6358243533333,"1",Thane_Kolb2,treatment
"168",DX20250718,2025/07/18,14:50:00,"1","282",leaf2,-76.4280001316667,42.6358243533333,"1",Thane_Kolb2,treatment
"169",DX20250718,2025/07/18,14:49:00,"1","279",leaf1,-76.4279395533333,42.6358812083333,"1",Thane_Kolb2,treatment
"170",DX20250718,2025/07/18,14:49:00,"1","280",leaf2,-76.4279395533333,42.6358812083333,"1",Thane_Kolb2,treatment
"171",DX20250718,2025/07/18,14:49:00,"1","277",leaf1,-76.4278779166667,42.6359477366667,"1",Thane_Kolb2,treatment
"172",DX20250718,2025/07/18,14:49:00,"1","278",leaf2,-76.4278779166667,42.6359477366667,"1",Thane_Kolb2,treatment
"173",DX20250718,2025/07/18,14:48:00,"1","276",leaf2,-76.4278260616667,42.6359279283333,"1",Thane_Kolb2,treatment
"174",DX20250718,2025/07/18,14:48:00,"1","275",leaf1,-76.4278260616667,42.6359279283333,"1",Thane_Kolb2,treatment
"175",DX20250718,2025/07/18,14:48:00,"1","272",leaf2,-76.4277136583333,42.6358902283333,"1",Thane_Kolb2,treatment
"176",DX20250718,2025/07/18,14:48:00,"1","271",leaf1,-76.4277136583333,42.6358902283333,"1",Thane_Kolb2,treatment
"177",DX20250718,2025/07/18,14:48:00,"1","274",leaf2,-76.4277115666666,42.6359103666667,"1",Thane_Kolb2,treatment
"178",DX20250718,2025/07/18,14:48:00,"1","273",leaf1,-76.4277115666666,42.6359103666667,"1",Thane_Kolb2,treatment
"179",DX20250718,2025/07/18,14:48:00,"1","270",leaf2,-76.4276899883333,42.635863205,"1",Thane_Kolb2,treatment
"180",DX20250718,2025/07/18,14:48:00,"1","269",leaf1,-76.4276899883333,42.635863205,"1",Thane_Kolb2,treatment
"181",DX20250718,2025/07/18,14:47:00,"1","268",leaf2,-76.4276813883333,42.6358231566667,"1",Thane_Kolb2,treatment
"182",DX20250718,2025/07/18,14:47:00,"1","267",leaf1,-76.4276813883333,42.6358231566667,"1",Thane_Kolb2,treatment
"183",DX20250718,2025/07/18,15:08:00,"1","365",leaf1,-76.4298902066667,42.6355749366667,"1",Thane_Kolb2,treatment
"184",DX20250718,2025/07/18,15:08:00,"1","366",leaf2,-76.4298902066667,42.6355749366667,"1",Thane_Kolb2,treatment
"185",DX20250718,2025/07/18,15:08:00,"1","367",leaf1,-76.4299896383333,42.6355848083333,"1",Thane_Kolb2,treatment
"186",DX20250718,2025/07/18,15:08:00,"1","368",leaf2,-76.4299896383333,42.6355848083333,"1",Thane_Kolb2,treatment
"187",DX20250718,2025/07/18,15:08:00,"1","363",leaf1,-76.4298724233334,42.6356239583333,"1",Thane_Kolb2,treatment
"188",DX20250718,2025/07/18,15:08:00,"1","364",leaf2,-76.4298724233334,42.6356239583333,"1",Thane_Kolb2,treatment
"189",DX20250718,2025/07/18,15:09:00,"1","369",leaf1,-76.4300277833333,42.63563918,"1",Thane_Kolb2,treatment
"190",DX20250718,2025/07/18,15:09:00,"1","370",leaf2,-76.4300277833333,42.63563918,"1",Thane_Kolb2,treatment
"191",DX20250718,2025/07/18,15:10:00,"1","371",leaf1,-76.4300510533333,42.6356695766667,"1",Thane_Kolb2,treatment
"192",DX20250718,2025/07/18,15:10:00,"1","372",leaf2,-76.4300510533333,42.6356695766667,"1",Thane_Kolb2,treatment
"193",DX20250718,2025/07/18,15:11:00,"1","377",leaf1,-76.4300564516667,42.6356716566667,"1",Thane_Kolb2,treatment
"194",DX20250718,2025/07/18,15:11:00,"1","378",leaf2,-76.4300564516667,42.6356716566667,"1",Thane_Kolb2,treatment
"195",DX20250718,2025/07/18,15:07:00,"1","361",leaf1,-76.4298542433333,42.6356778083333,"1",Thane_Kolb2,treatment
"196",DX20250718,2025/07/18,15:07:00,"1","362",leaf2,-76.4298542433333,42.6356778083333,"1",Thane_Kolb2,treatment
"197",DX20250718,2025/07/18,15:11:00,"1","379",leaf1,-76.4300438966667,42.6356763433333,"1",Thane_Kolb2,treatment
"198",DX20250718,2025/07/18,15:11:00,"1","380",leaf2,-76.4300438966667,42.6356763433333,"1",Thane_Kolb2,treatment
"199",DX20250718,2025/07/18,15:10:00,"1","375",leaf1,-76.4300612166667,42.6356824083333,"1",Thane_Kolb2,treatment
"200",DX20250718,2025/07/18,15:10:00,"1","376",leaf2,-76.4300612166667,42.6356824083333,"1",Thane_Kolb2,treatment
"201",DX20250718,2025/07/18,15:10:00,"1","373",leaf1,-76.4300484733333,42.6356901966667,"1",Thane_Kolb2,treatment
"202",DX20250718,2025/07/18,15:10:00,"1","374",leaf2,-76.4300484733333,42.6356901966667,"1",Thane_Kolb2,treatment
"203",DX20250718,2025/07/18,15:12:00,"1","381",leaf1,-76.4300382566667,42.6357258133333,"1",Thane_Kolb2,treatment
"204",DX20250718,2025/07/18,15:12:00,"1","382",leaf2,-76.4300382566667,42.6357258133333,"1",Thane_Kolb2,treatment
"205",DX20250718,2025/07/18,15:07:00,"1","359",leaf1,-76.4298090583333,42.6357361966667,"1",Thane_Kolb2,treatment
"206",DX20250718,2025/07/18,15:07:00,"1","360",leaf2,-76.4298090583333,42.6357361966667,"1",Thane_Kolb2,treatment
"207",DX20250718,2025/07/18,15:12:00,"1","383",leaf1,-76.4300678833333,42.6357753933333,"1",Thane_Kolb2,treatment
"208",DX20250718,2025/07/18,15:12:00,"1","384",leaf2,-76.4300678833333,42.6357753933333,"1",Thane_Kolb2,treatment
"209",DX20250718,2025/07/18,15:06:00,"1","357",leaf1,-76.4298341166667,42.6358114366667,"1",Thane_Kolb2,treatment
"210",DX20250718,2025/07/18,15:06:00,"1","358",leaf2,-76.4298341166667,42.6358114366667,"1",Thane_Kolb2,treatment
"211",DX20250718,2025/07/18,15:13:00,"1","385",leaf1,-76.4300859616667,42.6358368433333,"1",Thane_Kolb2,treatment
"212",DX20250718,2025/07/18,15:13:00,"1","386",leaf2,-76.4300859616667,42.6358368433333,"1",Thane_Kolb2,treatment
"213",DX20250718,2025/07/18,15:06:00,"1","355",leaf1,-76.4297834216667,42.6358662216667,"1",Thane_Kolb2,treatment
"214",DX20250718,2025/07/18,15:06:00,"1","356",leaf2,-76.4297834216667,42.6358662216667,"1",Thane_Kolb2,treatment
"215",DX20250718,2025/07/18,15:13:00,"1","387",leaf1,-76.43011058,42.6358902766667,"1",Thane_Kolb2,treatment
"216",DX20250718,2025/07/18,15:13:00,"1","388",leaf2,-76.43011058,42.6358902766667,"1",Thane_Kolb2,treatment
"217",DX20250718,2025/07/18,15:06:00,"1","354",leaf2,-76.4297391766667,42.63591537,"1",Thane_Kolb2,treatment
"218",DX20250718,2025/07/18,15:06:00,"1","353",leaf1,-76.4297391766667,42.63591537,"1",Thane_Kolb2,treatment
"219",DX20250718,2025/07/18,15:13:00,"1","389",leaf1,-76.4301469066667,42.6359501566667,"1",Thane_Kolb2,treatment
"220",DX20250718,2025/07/18,15:13:00,"1","390",leaf2,-76.4301469066667,42.6359501566667,"1",Thane_Kolb2,treatment
"221",DX20250718,2025/07/18,15:06:00,"1","351",leaf1,-76.4296764833333,42.6359689466667,"1",Thane_Kolb2,treatment
"222",DX20250718,2025/07/18,15:06:00,"1","352",leaf2,-76.4296764833333,42.6359689466667,"1",Thane_Kolb2,treatment
"223",DX20250718,2025/07/18,15:05:00,"1","349",leaf1,-76.4295939883333,42.6359555983333,"1",Thane_Kolb2,treatment
"224",DX20250718,2025/07/18,15:05:00,"1","350",leaf2,-76.4295939883333,42.6359555983333,"1",Thane_Kolb2,treatment
"225",DX20250718,2025/07/18,15:14:00,"1","391",leaf1,-76.4301895233333,42.6359972483333,"1",Thane_Kolb2,treatment
"226",DX20250718,2025/07/18,15:14:00,"1","392",leaf2,-76.4301895233333,42.6359972483333,"1",Thane_Kolb2,treatment
"227",DX20250718,2025/07/18,15:26:00,"1","441",leaf1,-76.4300801466667,42.6359950833333,"1",Thane_Kolb2,treatment
"228",DX20250718,2025/07/18,15:26:00,"1","442",leaf2,-76.4300801466667,42.6359950833333,"1",Thane_Kolb2,treatment
"229",DX20250718,2025/07/18,15:24:00,"1","434",leaf2,-76.4305091516667,42.63587871,"1",Thane_Kolb2,treatment
"230",DX20250718,2025/07/18,15:24:00,"1","433",leaf1,-76.4305091516667,42.63587871,"1",Thane_Kolb2,treatment
"231",DX20250718,2025/07/18,15:18:00,"1","416",leaf2,-76.4306821633333,42.635889285,"1",Thane_Kolb2,treatment
"232",DX20250718,2025/07/18,15:18:00,"1","415",leaf1,-76.4306821633333,42.635889285,"1",Thane_Kolb2,treatment
"233",DX20250718,2025/07/18,15:25:00,"1","435",leaf1,-76.4304052816667,42.6359059866667,"1",Thane_Kolb2,treatment
"234",DX20250718,2025/07/18,15:25:00,"1","436",leaf2,-76.4304052816667,42.6359059866667,"1",Thane_Kolb2,treatment
"235",DX20250718,2025/07/18,15:14:00,"1","395",leaf1,-76.4303074166667,42.6359125183333,"1",Thane_Kolb2,treatment
"236",DX20250718,2025/07/18,15:14:00,"1","396",leaf2,-76.4303074166667,42.6359125183333,"1",Thane_Kolb2,treatment
"237",DX20250718,2025/07/18,15:25:00,"1","437",leaf1,-76.4303176166667,42.6359544233333,"1",Thane_Kolb2,treatment
"238",DX20250718,2025/07/18,15:25:00,"1","438",leaf2,-76.4303176166667,42.6359544233333,"1",Thane_Kolb2,treatment
"239",DX20250718,2025/07/18,15:18:00,"1","417",leaf1,-76.4306937566667,42.6359515366667,"1",Thane_Kolb2,treatment
"240",DX20250718,2025/07/18,15:18:00,"1","418",leaf2,-76.4306937566667,42.6359515366667,"1",Thane_Kolb2,treatment
"241",DX20250718,2025/07/18,15:14:00,"1","393",leaf1,-76.43025709,42.6359604266667,"1",Thane_Kolb2,treatment
"242",DX20250718,2025/07/18,15:14:00,"1","394",leaf2,-76.43025709,42.6359604266667,"1",Thane_Kolb2,treatment
"243",DX20250718,2025/07/18,15:19:00,"1","419",leaf1,-76.430756585,42.6359650116667,"1",Thane_Kolb2,treatment
"244",DX20250718,2025/07/18,15:19:00,"1","420",leaf2,-76.430756585,42.6359650116667,"1",Thane_Kolb2,treatment
"245",DX20250718,2025/07/18,15:25:00,"1","439",leaf1,-76.4302255866667,42.6359780766667,"1",Thane_Kolb2,treatment
"246",DX20250718,2025/07/18,15:25:00,"1","440",leaf2,-76.4302255866667,42.6359780766667,"1",Thane_Kolb2,treatment
"247",DX20250718,2025/07/18,14:34:00,"1","196",leaf2,-76.4266519533333,42.6357127366667,"1",Thane_Kolb2,treatment
"248",DX20250718,2025/07/18,14:34:00,"1","195",leaf1,-76.4266519533333,42.6357127366667,"1",Thane_Kolb2,treatment
"249",DX20250718,2025/07/18,14:33:00,"1","194",leaf2,-76.4266415316667,42.6357327016667,"1",Thane_Kolb2,treatment
"250",DX20250718,2025/07/18,14:33:00,"1","193",leaf1,-76.4266415316667,42.6357327016667,"1",Thane_Kolb2,treatment
"251",DX20250718,2025/07/18,14:33:00,"1","192",leaf2,-76.4266190066667,42.6357783066667,"1",Thane_Kolb2,treatment
"252",DX20250718,2025/07/18,14:33:00,"1","191",leaf1,-76.4266190066667,42.6357783066667,"1",Thane_Kolb2,treatment
"253",DX20250718,2025/07/18,14:33:00,"1","189",leaf1,-76.42661535,42.6358250516667,"1",Thane_Kolb2,treatment
"254",DX20250718,2025/07/18,14:33:00,"1","190",leaf2,-76.42661535,42.6358250516667,"1",Thane_Kolb2,treatment
"255",DX20250718,2025/07/18,14:32:00,"1","186",leaf1,-76.4265966383333,42.63587615,"1",Thane_Kolb2,treatment
"256",DX20250718,2025/07/18,14:32:00,"1","187",leaf2,-76.4265966383333,42.63587615,"1",Thane_Kolb2,treatment
"257",DX20250718,2025/07/18,14:31:00,"1","177",leaf2,-76.4265815383333,42.6360516066667,"1",Thane_Kolb2,treatment
"258",DX20250718,2025/07/18,14:31:00,"1","176",leaf1,-76.4265815383333,42.6360516066667,"1",Thane_Kolb2,treatment
"259",DX20250718,2025/07/18,14:32:00,"1","185",leaf2,-76.4265732816667,42.6359104833333,"1",Thane_Kolb2,treatment
"260",DX20250718,2025/07/18,14:32:00,"1","184",leaf1,-76.4265732816667,42.6359104833333,"1",Thane_Kolb2,treatment
"261",DX20250718,2025/07/18,14:32:00,"1","182",leaf1,-76.4265412316667,42.6359430733333,"1",Thane_Kolb2,treatment
"262",DX20250718,2025/07/18,14:32:00,"1","183",leaf2,-76.4265412316667,42.6359430733333,"1",Thane_Kolb2,treatment
"263",DX20250718,2025/07/18,14:32:00,"1","180",leaf1,-76.4265385933333,42.6359702,"1",Thane_Kolb2,treatment
"264",DX20250718,2025/07/18,14:32:00,"1","181",leaf2,-76.4265385933333,42.6359702,"1",Thane_Kolb2,treatment
"265",DX20250718,2025/07/18,14:31:00,"1","178",leaf1,-76.4265688866667,42.6360184533333,"1",Thane_Kolb2,treatment
"266",DX20250718,2025/07/18,14:31:00,"1","179",leaf2,-76.4265688866667,42.6360184533333,"1",Thane_Kolb2,treatment
"267",DX20250718,2025/07/18,14:31:00,"1","175",leaf2,-76.42652451,42.636070325,"1",Thane_Kolb2,treatment
"268",DX20250718,2025/07/18,14:31:00,"1","174",leaf1,-76.42652451,42.636070325,"1",Thane_Kolb2,treatment
"269",DX20250718,2025/07/18,13:55:00,"1","27",leaf1,-76.4299401116667,42.6361345966667,"2",Thane_Kolb2,control
"270",DX20250718,2025/07/18,13:55:00,"1","28",leaf2,-76.4299401116667,42.6361345966667,"2",Thane_Kolb2,control
"271",DX20250718,2025/07/18,14:00:00,"1","41",leaf1,-76.4298641866667,42.636161945,"2",Thane_Kolb2,control
"272",DX20250718,2025/07/18,14:00:00,"1","42",leaf2,-76.4298641866667,42.636161945,"2",Thane_Kolb2,control
"273",DX20250718,2025/07/18,13:59:00,"1","39",leaf1,-76.42981128,42.6361438616667,"2",Thane_Kolb2,control
"274",DX20250718,2025/07/18,13:59:00,"1","40",leaf2,-76.42981128,42.6361438616667,"2",Thane_Kolb2,control
"275",DX20250718,2025/07/18,13:59:00,"1","37",leaf1,-76.4297665,42.6361613083333,"2",Thane_Kolb2,control
"276",DX20250718,2025/07/18,13:59:00,"1","38",leaf2,-76.4297665,42.6361613083333,"2",Thane_Kolb2,control
"277",DX20250718,2025/07/18,13:57:00,"1","29",leaf1,-76.4297646066667,42.6361619033333,"2",Thane_Kolb2,control
"278",DX20250718,2025/07/18,13:57:00,"1","30",leaf2,-76.4297646066667,42.6361619033333,"2",Thane_Kolb2,control
"279",DX20250718,2025/07/18,13:58:00,"1","35",leaf1,-76.4297554733333,42.6361760983333,"2",Thane_Kolb2,control
"280",DX20250718,2025/07/18,13:58:00,"1","36",leaf2,-76.4297554733333,42.6361760983333,"2",Thane_Kolb2,control
"281",DX20250718,2025/07/18,13:57:00,"1","31",leaf1,-76.42975547,42.6361487533333,"2",Thane_Kolb2,control
"282",DX20250718,2025/07/18,13:57:00,"1","32",leaf2,-76.42975547,42.6361487533333,"2",Thane_Kolb2,control
"283",DX20250718,2025/07/18,13:58:00,"1","33",leaf1,-76.4297306716667,42.636163165,"2",Thane_Kolb2,control
"284",DX20250718,2025/07/18,13:58:00,"1","34",leaf2,-76.4297306716667,42.636163165,"2",Thane_Kolb2,control
"285",DX20250718,2025/07/18,14:00:00,"1","43",leaf1,-76.4297200066667,42.6361833166667,"2",Thane_Kolb2,control
"286",DX20250718,2025/07/18,14:00:00,"1","44",leaf2,-76.4297200066667,42.6361833166667,"2",Thane_Kolb2,control
"287",DX20250718,2025/07/18,14:01:00,"1","45",leaf1,-76.4296567216667,42.6361331466667,"2",Thane_Kolb2,control
"288",DX20250718,2025/07/18,14:01:00,"1","46",leaf2,-76.4296567216667,42.6361331466667,"2",Thane_Kolb2,control
"289",DX20250718,2025/07/18,14:01:00,"1","47",leaf1,-76.4295949683333,42.6361713516667,"2",Thane_Kolb2,control
"290",DX20250718,2025/07/18,14:01:00,"1","48",leaf2,-76.4295949683333,42.6361713516667,"2",Thane_Kolb2,control
"291",DX20250718,2025/07/18,13:55:00,"1","26",leaf2,-76.4301196483333,42.6361527733333,"2",Thane_Kolb2,control
"292",DX20250718,2025/07/18,13:55:00,"1","25",leaf1,-76.4301196483333,42.6361527733333,"2",Thane_Kolb2,control
"293",DX20250718,2025/07/18,15:26:00,"1","443",leaf1,-76.4301390366667,42.6361173216667,"2",Thane_Kolb2,control
"294",DX20250718,2025/07/18,15:26:00,"1","444",leaf2,-76.4301390366667,42.6361173216667,"2",Thane_Kolb2,control
"295",DX20250718,2025/07/18,14:01:00,"1","49",leaf1,-76.4295322033333,42.6362070166667,"2",Thane_Kolb2,control
"296",DX20250718,2025/07/18,14:01:00,"1","50",leaf2,-76.4295322033333,42.6362070166667,"2",Thane_Kolb2,control
"297",DX20250718,2025/07/18,14:02:00,"1","51",leaf1,-76.429477165,42.6361696266667,"2",Thane_Kolb2,control
"298",DX20250718,2025/07/18,14:02:00,"1","52",leaf2,-76.429477165,42.6361696266667,"2",Thane_Kolb2,control
"299",DX20250718,2025/07/18,14:02:00,"1","54",leaf2,-76.4294004183333,42.6361371683333,"2",Thane_Kolb2,control
"300",DX20250718,2025/07/18,14:02:00,"1","53",leaf1,-76.4294004183333,42.6361371683333,"2",Thane_Kolb2,control
"301",DX20250718,2025/07/18,14:03:00,"1","56",leaf2,-76.4293052133333,42.6361942733333,"2",Thane_Kolb2,control
"302",DX20250718,2025/07/18,14:03:00,"1","55",leaf1,-76.4293052133333,42.6361942733333,"2",Thane_Kolb2,control
"303",DX20250718,2025/07/18,14:03:00,"1","58",leaf2,-76.429231735,42.636189685,"2",Thane_Kolb2,control
"304",DX20250718,2025/07/18,14:03:00,"1","57",leaf1,-76.429231735,42.636189685,"2",Thane_Kolb2,control
"305",DX20250718,2025/07/18,14:04:00,"1","60",leaf2,-76.4291719616667,42.6361578116667,"2",Thane_Kolb2,control
"306",DX20250718,2025/07/18,14:04:00,"1","59",leaf1,-76.4291719616667,42.6361578116667,"2",Thane_Kolb2,control
"307",DX20250718,2025/07/18,14:04:00,"1","61",leaf1,-76.4290787433333,42.6361456483333,"2",Thane_Kolb2,control
"308",DX20250718,2025/07/18,14:04:00,"1","62",leaf2,-76.4290787433333,42.6361456483333,"2",Thane_Kolb2,control
"309",DX20250718,2025/07/18,14:04:00,"1","63",leaf1,-76.4290093583333,42.6361763933333,"2",Thane_Kolb2,control
"310",DX20250718,2025/07/18,14:04:00,"1","64",leaf2,-76.4290093583333,42.6361763933333,"2",Thane_Kolb2,control
"311",DX20250718,2025/07/18,14:05:00,"1","65",leaf1,-76.4289164383333,42.6361973466667,"2",Thane_Kolb2,control
"312",DX20250718,2025/07/18,14:05:00,"1","66",leaf2,-76.4289164383333,42.6361973466667,"2",Thane_Kolb2,control
"313",DX20250718,2025/07/18,14:05:00,"1","67",leaf1,-76.4288019016667,42.6361598983333,"2",Thane_Kolb2,control
"314",DX20250718,2025/07/18,14:05:00,"1","68",leaf2,-76.4288019016667,42.6361598983333,"2",Thane_Kolb2,control
"315",DX20250718,2025/07/18,14:05:00,"1","69",leaf1,-76.4287558733333,42.6361760516667,"2",Thane_Kolb2,control
"316",DX20250718,2025/07/18,14:05:00,"1","70",leaf2,-76.4287558733333,42.6361760516667,"2",Thane_Kolb2,control
"317",DX20250718,2025/07/18,14:06:00,"1","71",leaf1,-76.4286987116667,42.6361982333333,"2",Thane_Kolb2,control
"318",DX20250718,2025/07/18,14:06:00,"1","72",leaf2,-76.4286987116667,42.6361982333333,"2",Thane_Kolb2,control
"319",DX20250718,2025/07/18,14:06:00,"1","73",leaf1,-76.4286244066667,42.6361659133333,"2",Thane_Kolb2,control
"320",DX20250718,2025/07/18,14:06:00,"1","74",leaf2,-76.4286244066667,42.6361659133333,"2",Thane_Kolb2,control
"321",DX20250718,2025/07/18,14:06:00,"1","75",leaf1,-76.428549005,42.636216405,"2",Thane_Kolb2,control
"322",DX20250718,2025/07/18,14:06:00,"1","76",leaf2,-76.428549005,42.636216405,"2",Thane_Kolb2,control
"323",DX20250718,2025/07/18,14:09:00,"1","89",leaf2,-76.42846287,42.6362044066667,"2",Thane_Kolb2,control
"324",DX20250718,2025/07/18,14:09:00,"1","88",leaf1,-76.42846287,42.6362044066667,"2",Thane_Kolb2,control
"325",DX20250718,2025/07/18,14:07:00,"1","78",leaf2,-76.4284618833333,42.6362395033333,"2",Thane_Kolb2,control
"326",DX20250718,2025/07/18,14:07:00,"1","77",leaf1,-76.4284618833333,42.6362395033333,"2",Thane_Kolb2,control
"327",DX20250718,2025/07/18,14:07:00,"1","80",leaf2,-76.4284547883333,42.6362119216667,"2",Thane_Kolb2,control
"328",DX20250718,2025/07/18,14:07:00,"1","79",leaf1,-76.4284547883333,42.6362119216667,"2",Thane_Kolb2,control
"329",DX20250718,2025/07/18,14:09:00,"1","91",leaf2,-76.42845336,42.63619944,"2",Thane_Kolb2,control
"330",DX20250718,2025/07/18,14:09:00,"1","90",leaf1,-76.42845336,42.63619944,"2",Thane_Kolb2,control
"331",DX20250718,2025/07/18,14:07:00,"1","82",leaf2,-76.4284509633333,42.6361904666667,"2",Thane_Kolb2,control
"332",DX20250718,2025/07/18,14:07:00,"1","81",leaf1,-76.4284509633333,42.6361904666667,"2",Thane_Kolb2,control
"333",DX20250718,2025/07/18,14:08:00,"1","87",leaf2,-76.4284410616667,42.6362133333333,"2",Thane_Kolb2,control
"334",DX20250718,2025/07/18,14:08:00,"1","86",leaf1,-76.4284410616667,42.6362133333333,"2",Thane_Kolb2,control
"335",DX20250718,2025/07/18,14:08:00,"1","85",leaf2,-76.428432665,42.6362063166667,"2",Thane_Kolb2,control
"336",DX20250718,2025/07/18,14:08:00,"1","84",leaf1,-76.428432665,42.6362063166667,"2",Thane_Kolb2,control
"337",DX20250718,2025/07/18,14:10:00,"1","93",leaf2,-76.4284123933333,42.6361932066667,"2",Thane_Kolb2,control
"338",DX20250718,2025/07/18,14:10:00,"1","92",leaf1,-76.4284123933333,42.6361932066667,"2",Thane_Kolb2,control
"339",DX20250718,2025/07/18,14:11:00,"1","95",leaf2,-76.4283725066667,42.63615882,"2",Thane_Kolb2,control
"340",DX20250718,2025/07/18,14:11:00,"1","94",leaf1,-76.4283725066667,42.63615882,"2",Thane_Kolb2,control
"341",DX20250718,2025/07/18,14:11:00,"1","97",leaf2,-76.4283370683333,42.6362170083333,"2",Thane_Kolb2,control
"342",DX20250718,2025/07/18,14:11:00,"1","96",leaf1,-76.4283370683333,42.6362170083333,"2",Thane_Kolb2,control
"343",DX20250718,2025/07/18,14:12:00,"1","98",leaf1,-76.4282893533333,42.636244665,"2",Thane_Kolb2,control
"344",DX20250718,2025/07/18,14:12:00,"1","99",leaf2,-76.4282893533333,42.636244665,"2",Thane_Kolb2,control
"345",DX20250718,2025/07/18,14:13:00,"1","100",leaf1,-76.42821737,42.6361868133333,"2",Thane_Kolb2,control
"346",DX20250718,2025/07/18,14:13:00,"1","101",leaf2,-76.42821737,42.6361868133333,"2",Thane_Kolb2,control
"347",DX20250718,2025/07/18,14:13:00,"1","102",leaf1,-76.4281589733333,42.6361870916667,"2",Thane_Kolb2,control
"348",DX20250718,2025/07/18,14:13:00,"1","103",leaf2,-76.4281589733333,42.6361870916667,"2",Thane_Kolb2,control
"349",DX20250718,2025/07/18,14:13:00,"1","104",leaf1,-76.428102555,42.6362364783333,"2",Thane_Kolb2,control
"350",DX20250718,2025/07/18,14:13:00,"1","105",leaf2,-76.428102555,42.6362364783333,"2",Thane_Kolb2,control
"351",DX20250718,2025/07/18,14:14:00,"1","106",leaf1,-76.4279984083333,42.636225565,"2",Thane_Kolb2,control
"352",DX20250718,2025/07/18,14:14:00,"1","107",leaf2,-76.4279984083333,42.636225565,"2",Thane_Kolb2,control
"353",DX20250718,2025/07/18,14:14:00,"1","108",leaf1,-76.4279467333333,42.6361861033333,"2",Thane_Kolb2,control
"354",DX20250718,2025/07/18,14:14:00,"1","109",leaf2,-76.4279467333333,42.6361861033333,"2",Thane_Kolb2,control
"355",DX20250718,2025/07/18,14:14:00,"1","110",leaf1,-76.4278954283333,42.636214955,"2",Thane_Kolb2,control
"356",DX20250718,2025/07/18,14:14:00,"1","111",leaf2,-76.4278954283333,42.636214955,"2",Thane_Kolb2,control
"357",DX20250718,2025/07/18,14:15:00,"1","112",leaf1,-76.4277833966667,42.6362600716667,"2",Thane_Kolb2,control
"358",DX20250718,2025/07/18,14:15:00,"1","113",leaf2,-76.4277833966667,42.6362600716667,"2",Thane_Kolb2,control
"359",DX20250718,2025/07/18,14:15:00,"1","115",leaf2,-76.4276892633333,42.6362477033333,"2",Thane_Kolb2,control
"360",DX20250718,2025/07/18,14:15:00,"1","114",leaf1,-76.4276892633333,42.6362477033333,"2",Thane_Kolb2,control
"361",DX20250718,2025/07/18,14:15:00,"1","117",leaf2,-76.427640505,42.6362139083333,"2",Thane_Kolb2,control
"362",DX20250718,2025/07/18,14:15:00,"1","116",leaf1,-76.427640505,42.6362139083333,"2",Thane_Kolb2,control
"363",DX20250718,2025/07/18,14:19:00,"1","129",leaf2,-76.42760164,42.6361844083333,"2",Thane_Kolb2,control
"364",DX20250718,2025/07/18,14:19:00,"1","128",leaf1,-76.42760164,42.6361844083333,"2",Thane_Kolb2,control
"365",DX20250718,2025/07/18,14:18:00,"1","127",leaf2,-76.42758874,42.6361980783333,"2",Thane_Kolb2,control
"366",DX20250718,2025/07/18,14:18:00,"1","126",leaf1,-76.42758874,42.6361980783333,"2",Thane_Kolb2,control
"367",DX20250718,2025/07/18,14:15:00,"1","119",leaf2,-76.4275861416667,42.6361919433333,"2",Thane_Kolb2,control
"368",DX20250718,2025/07/18,14:15:00,"1","118",leaf1,-76.4275861416667,42.6361919433333,"2",Thane_Kolb2,control
"369",DX20250718,2025/07/18,14:20:00,"1","131",leaf2,-76.4275859483333,42.6362557216667,"2",Thane_Kolb2,control
"370",DX20250718,2025/07/18,14:20:00,"1","130",leaf1,-76.4275859483333,42.6362557216667,"2",Thane_Kolb2,control
"371",DX20250718,2025/07/18,14:17:00,"1","124",leaf2,-76.4275718566667,42.6362216016667,"2",Thane_Kolb2,control
"372",DX20250718,2025/07/18,14:17:00,"1","123",leaf1,-76.4275718566667,42.6362216016667,"2",Thane_Kolb2,control
"373",DX20250718,2025/07/18,14:18:00,"1","125",leaf2,-76.4275641866667,42.6361987266667,"2",Thane_Kolb2,control
"374",DX20250718,2025/07/18,14:18:00,"1","124",leaf1,-76.4275641866667,42.6361987266667,"2",Thane_Kolb2,control
"375",DX20250718,2025/07/18,14:16:00,"1","121",leaf2,-76.4275588216667,42.6362011816667,"2",Thane_Kolb2,control
"376",DX20250718,2025/07/18,14:16:00,"1","120",leaf1,-76.4275588216667,42.6362011816667,"2",Thane_Kolb2,control
"377",DX20250718,2025/07/18,14:21:00,"1","133",leaf2,-76.42751205,42.6361800966667,"2",Thane_Kolb2,control
"378",DX20250718,2025/07/18,14:21:00,"1","132",leaf1,-76.42751205,42.6361800966667,"2",Thane_Kolb2,control
"379",DX20250718,2025/07/18,14:21:00,"1","135",leaf2,-76.4274376783333,42.6362352783333,"2",Thane_Kolb2,control
"380",DX20250718,2025/07/18,14:21:00,"1","134",leaf1,-76.4274376783333,42.6362352783333,"2",Thane_Kolb2,control
"381",DX20250718,2025/07/18,14:22:00,"1","137",leaf2,-76.4273495333333,42.6362777033333,"2",Thane_Kolb2,control
"382",DX20250718,2025/07/18,14:22:00,"1","136",leaf1,-76.4273495333333,42.6362777033333,"2",Thane_Kolb2,control
"383",DX20250718,2025/07/18,14:22:00,"1","139",leaf2,-76.4273126416667,42.6362315583333,"2",Thane_Kolb2,control
"384",DX20250718,2025/07/18,14:22:00,"1","138",leaf1,-76.4273126416667,42.6362315583333,"2",Thane_Kolb2,control
"385",DX20250718,2025/07/18,14:22:00,"1","141",leaf2,-76.4272407333333,42.63619193,"2",Thane_Kolb2,control
"386",DX20250718,2025/07/18,14:22:00,"1","140",leaf1,-76.4272407333333,42.63619193,"2",Thane_Kolb2,control
"387",DX20250718,2025/07/18,14:22:00,"1","143",leaf2,-76.42712238,42.6362012016667,"2",Thane_Kolb2,control
"388",DX20250718,2025/07/18,14:22:00,"1","142",leaf1,-76.42712238,42.6362012016667,"2",Thane_Kolb2,control
"389",DX20250718,2025/07/18,14:23:00,"1","145",leaf2,-76.4270629533333,42.6362356466667,"2",Thane_Kolb2,control
"390",DX20250718,2025/07/18,14:23:00,"1","144",leaf1,-76.4270629533333,42.6362356466667,"2",Thane_Kolb2,control
"391",DX20250718,2025/07/18,14:23:00,"1","147",leaf2,-76.4269689266667,42.6362712866667,"2",Thane_Kolb2,control
"392",DX20250718,2025/07/18,14:23:00,"1","146",leaf1,-76.4269689266667,42.6362712866667,"2",Thane_Kolb2,control
"393",DX20250718,2025/07/18,14:23:00,"1","149",leaf2,-76.4269299566667,42.636250875,"2",Thane_Kolb2,control
"394",DX20250718,2025/07/18,14:23:00,"1","148",leaf1,-76.4269299566667,42.636250875,"2",Thane_Kolb2,control
"395",DX20250718,2025/07/18,14:24:00,"1","150",leaf1,-76.4268972016667,42.6362072116667,"2",Thane_Kolb2,control
"396",DX20250718,2025/07/18,14:24:00,"1","151",leaf2,-76.4268972016667,42.6362072116667,"2",Thane_Kolb2,control
"397",DX20250718,2025/07/18,14:24:00,"1","152",leaf1,-76.426847135,42.6361827216667,"2",Thane_Kolb2,control
"398",DX20250718,2025/07/18,14:24:00,"1","153",leaf2,-76.426847135,42.6361827216667,"2",Thane_Kolb2,control
"399",DX20250718,2025/07/18,14:25:00,"1","154",leaf1,-76.4267680466667,42.6362511633333,"2",Thane_Kolb2,control
"400",DX20250718,2025/07/18,14:25:00,"1","155",leaf2,-76.4267680466667,42.6362511633333,"2",Thane_Kolb2,control
"401",DX20250718,2025/07/18,14:26:00,"1","158",leaf1,-76.4267671416667,42.6362602766667,"2",Thane_Kolb2,control
"402",DX20250718,2025/07/18,14:26:00,"1","159",leaf2,-76.4267671416667,42.6362602766667,"2",Thane_Kolb2,control
"403",DX20250718,2025/07/18,14:25:00,"1","156",leaf1,-76.4267349533333,42.63626788,"2",Thane_Kolb2,control
"404",DX20250718,2025/07/18,14:25:00,"1","157",leaf2,-76.4267349533333,42.63626788,"2",Thane_Kolb2,control
"405",DX20250718,2025/07/18,14:27:00,"1","162",leaf1,-76.4267297183333,42.6362676766667,"2",Thane_Kolb2,control
"406",DX20250718,2025/07/18,14:27:00,"1","163",leaf2,-76.4267297183333,42.6362676766667,"2",Thane_Kolb2,control
"407",DX20250718,2025/07/18,14:27:00,"1","160",leaf1,-76.4267180583333,42.6362688766667,"2",Thane_Kolb2,control
"408",DX20250718,2025/07/18,14:27:00,"1","161",leaf2,-76.4267180583333,42.6362688766667,"2",Thane_Kolb2,control
"409",DX20250718,2025/07/18,14:28:00,"1","164",leaf1,-76.4266870316667,42.6362427033333,"2",Thane_Kolb2,control
"410",DX20250718,2025/07/18,14:28:00,"1","165",leaf2,-76.4266870316667,42.6362427033333,"2",Thane_Kolb2,control
"411",DX20250718,2025/07/18,14:28:00,"1","166",leaf1,-76.4266753183333,42.6362763783333,"2",Thane_Kolb2,control
"412",DX20250718,2025/07/18,14:28:00,"1","167",leaf2,-76.4266753183333,42.6362763783333,"2",Thane_Kolb2,control
"413",DX20250718,2025/07/18,14:30:00,"1","173",leaf2,-76.4264744666667,42.6362485916667,"2",Thane_Kolb2,control
"414",DX20250718,2025/07/18,14:30:00,"1","172",leaf1,-76.4264744666667,42.6362485916667,"2",Thane_Kolb2,control
"415",DX20250718,2025/07/18,14:29:00,"1","169",leaf2,-76.4265938316667,42.6362677433333,"2",Thane_Kolb2,control
"416",DX20250718,2025/07/18,14:29:00,"1","168",leaf1,-76.4265938316667,42.6362677433333,"2",Thane_Kolb2,control
"417",DX20250718,2025/07/18,14:30:00,"1","171",leaf2,-76.4265393516667,42.6362426533333,"2",Thane_Kolb2,control
"418",DX20250718,2025/07/18,14:30:00,"1","170",leaf1,-76.4265393516667,42.6362426533333,"2",Thane_Kolb2,control
"419",DX20250718,2025/07/18,13:53:00,"1","18",leaf2,-76.4305863016667,42.636052485,"2",Thane_Kolb2,control
"420",DX20250718,2025/07/18,13:53:00,"1","17",leaf1,-76.4305863016667,42.636052485,"2",Thane_Kolb2,control
"421",DX20250718,2025/07/18,13:47:00,"1","4",leaf2,-76.4304751933333,42.6360682616667,"2",Thane_Kolb2,control
"422",DX20250718,2025/07/18,13:47:00,"1","3",leaf1,-76.4304751933333,42.6360682616667,"2",Thane_Kolb2,control
"423",DX20250718,2025/07/18,13:46:00,"1","2",leaf2,-76.4304888566667,42.6360716816667,"2",Thane_Kolb2,control
"424",DX20250718,2025/07/18,13:46:00,"1","1",leaf1,-76.4304888566667,42.6360716816667,"2",Thane_Kolb2,control
"425",DX20250718,2025/07/18,13:53:00,"1","16",leaf2,-76.430524715,42.6360694433333,"2",Thane_Kolb2,control
"426",DX20250718,2025/07/18,13:53:00,"1","15",leaf1,-76.430524715,42.6360694433333,"2",Thane_Kolb2,control
"427",DX20250718,2025/07/18,13:52:00,"1","12",leaf2,-76.4303832833333,42.6360720783333,"2",Thane_Kolb2,control
"428",DX20250718,2025/07/18,13:52:00,"1","11",leaf1,-76.4303832833333,42.6360720783333,"2",Thane_Kolb2,control
"429",DX20250718,2025/07/18,13:47:00,"1","6",leaf2,-76.4304505883333,42.63608122,"2",Thane_Kolb2,control
"430",DX20250718,2025/07/18,13:47:00,"1","5",leaf1,-76.4304505883333,42.63608122,"2",Thane_Kolb2,control
"431",DX20250718,2025/07/18,13:49:00,"1","10",leaf2,-76.4304478633333,42.6360804166667,"2",Thane_Kolb2,control
"432",DX20250718,2025/07/18,13:49:00,"1","9",leaf1,-76.4304478633333,42.6360804166667,"2",Thane_Kolb2,control
"433",DX20250718,2025/07/18,13:48:00,"1","8",leaf2,-76.4304644033333,42.6360933283333,"2",Thane_Kolb2,control
"434",DX20250718,2025/07/18,13:48:00,"1","7",leaf1,-76.4304644033333,42.6360933283333,"2",Thane_Kolb2,control
"435",DX20250718,2025/07/18,13:54:00,"1","24",leaf2,-76.430201125,42.6361083583333,"2",Thane_Kolb2,control
"436",DX20250718,2025/07/18,13:54:00,"1","23",leaf1,-76.430201125,42.6361083583333,"2",Thane_Kolb2,control
"437",DX20250718,2025/07/18,13:52:00,"1","14",leaf2,-76.4304633716667,42.6361059783333,"2",Thane_Kolb2,control
"438",DX20250718,2025/07/18,13:52:00,"1","13",leaf1,-76.4304633716667,42.6361059783333,"2",Thane_Kolb2,control
"439",DX20250718,2025/07/18,13:53:00,"1","20",leaf2,-76.4304345333333,42.63613392,"2",Thane_Kolb2,control
"440",DX20250718,2025/07/18,13:53:00,"1","19",leaf1,-76.4304345333333,42.63613392,"2",Thane_Kolb2,control
"441",DX20250718,2025/07/18,13:54:00,"1","22",leaf2,-76.4302952133333,42.6361448783333,"2",Thane_Kolb2,control
"442",DX20250718,2025/07/18,13:54:00,"1","21",leaf1,-76.4302952133333,42.6361448783333,"2",Thane_Kolb2,control
"443",DX20250718,2025/07/18,15:27:00,"1","445",leaf1,-76.4302123066667,42.6361479583333,"2",Thane_Kolb2,control
"444",DX20250718,2025/07/18,15:27:00,"1","446",leaf2,-76.4302123066667,42.6361479583333,"2",Thane_Kolb2,control
